-- デモ用シードデータ
-- パスワードは BCrypt ハッシュ済み

-- 部署
INSERT INTO departments (id, name, version, created_at, updated_at) VALUES
    ('a0000000-0000-0000-0000-000000000001', '開発部', 0, NOW(), NOW()),
    ('a0000000-0000-0000-0000-000000000002', '営業部', 0, NOW(), NOW()),
    ('a0000000-0000-0000-0000-000000000003', '人事部', 0, NOW(), NOW());

-- 社員
-- 1. 管理者 (ADMIN, 開発部上長) — admin@example.com / demo1234
INSERT INTO employees (id, name, email, password, department_id, role, is_manager, hire_date, version, created_at, updated_at) VALUES
    ('b0000000-0000-0000-0000-000000000001',
     '佐藤 管理',
     'admin@example.com',
     '$2a$10$lbVBVNeRC5o4zif4NMIiIukuiKiZW4eVPwvniwqouezFO32o0gYgm',
     'a0000000-0000-0000-0000-000000000001',
     'ADMIN', true, '2020-04-01', 0, NOW(), NOW());

-- 2. 一般社員 (開発部) — tanaka@example.com / password123
INSERT INTO employees (id, name, email, password, department_id, role, is_manager, hire_date, version, created_at, updated_at) VALUES
    ('b0000000-0000-0000-0000-000000000002',
     '田中 太郎',
     'tanaka@example.com',
     '$2a$10$P91f7KJ5T0sYc9r9WsXfOu26BUz/Rv2FSU7mgl/9A.78s9Gd2090e',
     'a0000000-0000-0000-0000-000000000001',
     'EMPLOYEE', false, '2023-04-01', 0, NOW(), NOW());

-- 3. 営業部上長 — suzuki@example.com / password123
INSERT INTO employees (id, name, email, password, department_id, role, is_manager, hire_date, version, created_at, updated_at) VALUES
    ('b0000000-0000-0000-0000-000000000003',
     '鈴木 花子',
     'suzuki@example.com',
     '$2a$10$P91f7KJ5T0sYc9r9WsXfOu26BUz/Rv2FSU7mgl/9A.78s9Gd2090e',
     'a0000000-0000-0000-0000-000000000002',
     'EMPLOYEE', true, '2021-04-01', 0, NOW(), NOW());

-- 4. 営業部一般社員 — yamada@example.com / password123
INSERT INTO employees (id, name, email, password, department_id, role, is_manager, hire_date, version, created_at, updated_at) VALUES
    ('b0000000-0000-0000-0000-000000000004',
     '山田 一郎',
     'yamada@example.com',
     '$2a$10$P91f7KJ5T0sYc9r9WsXfOu26BUz/Rv2FSU7mgl/9A.78s9Gd2090e',
     'a0000000-0000-0000-0000-000000000002',
     'EMPLOYEE', false, '2024-04-01', 0, NOW(), NOW());

-- 勤怠記録（2026年6月の平日データ）
-- 佐藤 管理 (b...001) — 管理者、早めに出社
INSERT INTO attendance_records (id, employee_id, work_date, clock_in, clock_out, corrected, version, created_at, updated_at) VALUES
    ('c0000000-0000-0000-0001-000000000601', 'b0000000-0000-0000-0000-000000000001', '2026-06-01', '2026-06-01 08:45:00+09', '2026-06-01 18:10:00+09', false, 0, NOW(), NOW()),
    ('c0000000-0000-0000-0001-000000000602', 'b0000000-0000-0000-0000-000000000001', '2026-06-02', '2026-06-02 08:50:00+09', '2026-06-02 18:30:00+09', false, 0, NOW(), NOW()),
    ('c0000000-0000-0000-0001-000000000603', 'b0000000-0000-0000-0000-000000000001', '2026-06-03', '2026-06-03 08:40:00+09', '2026-06-03 19:00:00+09', false, 0, NOW(), NOW()),
    ('c0000000-0000-0000-0001-000000000604', 'b0000000-0000-0000-0000-000000000001', '2026-06-04', '2026-06-04 08:55:00+09', '2026-06-04 18:15:00+09', false, 0, NOW(), NOW()),
    ('c0000000-0000-0000-0001-000000000605', 'b0000000-0000-0000-0000-000000000001', '2026-06-05', '2026-06-05 08:30:00+09', '2026-06-05 18:00:00+09', false, 0, NOW(), NOW()),
    ('c0000000-0000-0000-0001-000000000608', 'b0000000-0000-0000-0000-000000000001', '2026-06-08', '2026-06-08 08:45:00+09', '2026-06-08 18:20:00+09', false, 0, NOW(), NOW()),
    ('c0000000-0000-0000-0001-000000000609', 'b0000000-0000-0000-0000-000000000001', '2026-06-09', '2026-06-09 08:50:00+09', '2026-06-09 18:45:00+09', false, 0, NOW(), NOW()),
    ('c0000000-0000-0000-0001-000000000610', 'b0000000-0000-0000-0000-000000000001', '2026-06-10', '2026-06-10 08:35:00+09', '2026-06-10 18:10:00+09', false, 0, NOW(), NOW()),
    ('c0000000-0000-0000-0001-000000000611', 'b0000000-0000-0000-0000-000000000001', '2026-06-11', '2026-06-11 09:00:00+09', '2026-06-11 18:30:00+09', false, 0, NOW(), NOW()),
    ('c0000000-0000-0000-0001-000000000612', 'b0000000-0000-0000-0000-000000000001', '2026-06-12', '2026-06-12 08:40:00+09', '2026-06-12 18:00:00+09', false, 0, NOW(), NOW()),
    ('c0000000-0000-0000-0001-000000000615', 'b0000000-0000-0000-0000-000000000001', '2026-06-15', '2026-06-15 08:50:00+09', '2026-06-15 18:15:00+09', false, 0, NOW(), NOW()),
    ('c0000000-0000-0000-0001-000000000616', 'b0000000-0000-0000-0000-000000000001', '2026-06-16', '2026-06-16 08:45:00+09', '2026-06-16 19:30:00+09', false, 0, NOW(), NOW()),
    ('c0000000-0000-0000-0001-000000000617', 'b0000000-0000-0000-0000-000000000001', '2026-06-17', '2026-06-17 08:30:00+09', '2026-06-17 18:00:00+09', false, 0, NOW(), NOW()),
    ('c0000000-0000-0000-0001-000000000618', 'b0000000-0000-0000-0000-000000000001', '2026-06-18', '2026-06-18 08:55:00+09', '2026-06-18 18:20:00+09', false, 0, NOW(), NOW()),
    ('c0000000-0000-0000-0001-000000000619', 'b0000000-0000-0000-0000-000000000001', '2026-06-19', '2026-06-19 08:40:00+09', '2026-06-19 18:10:00+09', false, 0, NOW(), NOW()),
    ('c0000000-0000-0000-0001-000000000622', 'b0000000-0000-0000-0000-000000000001', '2026-06-22', '2026-06-22 08:50:00+09', '2026-06-22 18:30:00+09', false, 0, NOW(), NOW()),
    ('c0000000-0000-0000-0001-000000000623', 'b0000000-0000-0000-0000-000000000001', '2026-06-23', '2026-06-23 08:45:00+09', '2026-06-23 18:00:00+09', false, 0, NOW(), NOW()),
    ('c0000000-0000-0000-0001-000000000624', 'b0000000-0000-0000-0000-000000000001', '2026-06-24', '2026-06-24 08:35:00+09', '2026-06-24 18:45:00+09', false, 0, NOW(), NOW()),
    ('c0000000-0000-0000-0001-000000000625', 'b0000000-0000-0000-0000-000000000001', '2026-06-25', '2026-06-25 09:00:00+09', '2026-06-25 18:15:00+09', false, 0, NOW(), NOW()),
    ('c0000000-0000-0000-0001-000000000626', 'b0000000-0000-0000-0000-000000000001', '2026-06-26', '2026-06-26 08:40:00+09', '2026-06-26 18:00:00+09', false, 0, NOW(), NOW()),
    ('c0000000-0000-0000-0001-000000000629', 'b0000000-0000-0000-0000-000000000001', '2026-06-29', '2026-06-29 08:50:00+09', '2026-06-29 18:20:00+09', false, 0, NOW(), NOW()),
    ('c0000000-0000-0000-0001-000000000630', 'b0000000-0000-0000-0000-000000000001', '2026-06-30', '2026-06-30 08:45:00+09', NULL, false, 0, NOW(), NOW());

-- 田中 太郎 (b...002) — 一般社員、たまに遅刻気味
INSERT INTO attendance_records (id, employee_id, work_date, clock_in, clock_out, corrected, version, created_at, updated_at) VALUES
    ('c0000000-0000-0000-0002-000000000601', 'b0000000-0000-0000-0000-000000000002', '2026-06-01', '2026-06-01 09:05:00+09', '2026-06-01 18:00:00+09', false, 0, NOW(), NOW()),
    ('c0000000-0000-0000-0002-000000000602', 'b0000000-0000-0000-0000-000000000002', '2026-06-02', '2026-06-02 09:15:00+09', '2026-06-02 18:30:00+09', false, 0, NOW(), NOW()),
    ('c0000000-0000-0000-0002-000000000603', 'b0000000-0000-0000-0000-000000000002', '2026-06-03', '2026-06-03 09:00:00+09', '2026-06-03 18:00:00+09', false, 0, NOW(), NOW()),
    ('c0000000-0000-0000-0002-000000000604', 'b0000000-0000-0000-0000-000000000002', '2026-06-04', '2026-06-04 09:10:00+09', '2026-06-04 18:15:00+09', false, 0, NOW(), NOW()),
    ('c0000000-0000-0000-0002-000000000605', 'b0000000-0000-0000-0000-000000000002', '2026-06-05', '2026-06-05 08:55:00+09', '2026-06-05 18:00:00+09', false, 0, NOW(), NOW()),
    ('c0000000-0000-0000-0002-000000000608', 'b0000000-0000-0000-0000-000000000002', '2026-06-08', '2026-06-08 09:20:00+09', '2026-06-08 18:45:00+09', false, 0, NOW(), NOW()),
    ('c0000000-0000-0000-0002-000000000609', 'b0000000-0000-0000-0000-000000000002', '2026-06-09', '2026-06-09 09:00:00+09', '2026-06-09 18:00:00+09', false, 0, NOW(), NOW()),
    ('c0000000-0000-0000-0002-000000000610', 'b0000000-0000-0000-0000-000000000002', '2026-06-10', '2026-06-10 09:05:00+09', '2026-06-10 18:30:00+09', false, 0, NOW(), NOW()),
    ('c0000000-0000-0000-0002-000000000611', 'b0000000-0000-0000-0000-000000000002', '2026-06-11', '2026-06-11 09:00:00+09', '2026-06-11 18:00:00+09', false, 0, NOW(), NOW()),
    ('c0000000-0000-0000-0002-000000000612', 'b0000000-0000-0000-0000-000000000002', '2026-06-12', '2026-06-12 09:10:00+09', '2026-06-12 18:15:00+09', false, 0, NOW(), NOW()),
    ('c0000000-0000-0000-0002-000000000615', 'b0000000-0000-0000-0000-000000000002', '2026-06-15', '2026-06-15 09:00:00+09', '2026-06-15 18:00:00+09', false, 0, NOW(), NOW()),
    ('c0000000-0000-0000-0002-000000000616', 'b0000000-0000-0000-0000-000000000002', '2026-06-16', '2026-06-16 09:25:00+09', '2026-06-16 19:00:00+09', false, 0, NOW(), NOW()),
    ('c0000000-0000-0000-0002-000000000617', 'b0000000-0000-0000-0000-000000000002', '2026-06-17', '2026-06-17 09:00:00+09', '2026-06-17 18:00:00+09', false, 0, NOW(), NOW()),
    ('c0000000-0000-0000-0002-000000000618', 'b0000000-0000-0000-0000-000000000002', '2026-06-18', '2026-06-18 09:05:00+09', '2026-06-18 18:30:00+09', false, 0, NOW(), NOW()),
    ('c0000000-0000-0000-0002-000000000619', 'b0000000-0000-0000-0000-000000000002', '2026-06-19', '2026-06-19 09:00:00+09', '2026-06-19 18:00:00+09', false, 0, NOW(), NOW()),
    ('c0000000-0000-0000-0002-000000000622', 'b0000000-0000-0000-0000-000000000002', '2026-06-22', '2026-06-22 09:15:00+09', '2026-06-22 18:30:00+09', false, 0, NOW(), NOW()),
    ('c0000000-0000-0000-0002-000000000623', 'b0000000-0000-0000-0000-000000000002', '2026-06-23', '2026-06-23 09:00:00+09', '2026-06-23 18:00:00+09', false, 0, NOW(), NOW()),
    ('c0000000-0000-0000-0002-000000000624', 'b0000000-0000-0000-0000-000000000002', '2026-06-24', '2026-06-24 09:10:00+09', '2026-06-24 18:45:00+09', false, 0, NOW(), NOW()),
    ('c0000000-0000-0000-0002-000000000625', 'b0000000-0000-0000-0000-000000000002', '2026-06-25', '2026-06-25 09:00:00+09', '2026-06-25 18:00:00+09', false, 0, NOW(), NOW()),
    ('c0000000-0000-0000-0002-000000000626', 'b0000000-0000-0000-0000-000000000002', '2026-06-26', '2026-06-26 09:05:00+09', '2026-06-26 18:15:00+09', false, 0, NOW(), NOW()),
    ('c0000000-0000-0000-0002-000000000629', 'b0000000-0000-0000-0000-000000000002', '2026-06-29', '2026-06-29 09:00:00+09', '2026-06-29 18:00:00+09', false, 0, NOW(), NOW()),
    ('c0000000-0000-0000-0002-000000000630', 'b0000000-0000-0000-0000-000000000002', '2026-06-30', '2026-06-30 09:10:00+09', NULL, false, 0, NOW(), NOW());

-- 鈴木 花子 (b...003) — 営業部上長、定時出社
INSERT INTO attendance_records (id, employee_id, work_date, clock_in, clock_out, corrected, version, created_at, updated_at) VALUES
    ('c0000000-0000-0000-0003-000000000601', 'b0000000-0000-0000-0000-000000000003', '2026-06-01', '2026-06-01 09:00:00+09', '2026-06-01 18:00:00+09', false, 0, NOW(), NOW()),
    ('c0000000-0000-0000-0003-000000000602', 'b0000000-0000-0000-0000-000000000003', '2026-06-02', '2026-06-02 08:55:00+09', '2026-06-02 18:30:00+09', false, 0, NOW(), NOW()),
    ('c0000000-0000-0000-0003-000000000603', 'b0000000-0000-0000-0000-000000000003', '2026-06-03', '2026-06-03 09:00:00+09', '2026-06-03 18:00:00+09', false, 0, NOW(), NOW()),
    ('c0000000-0000-0000-0003-000000000604', 'b0000000-0000-0000-0000-000000000003', '2026-06-04', '2026-06-04 09:00:00+09', '2026-06-04 18:15:00+09', false, 0, NOW(), NOW()),
    ('c0000000-0000-0000-0003-000000000605', 'b0000000-0000-0000-0000-000000000003', '2026-06-05', '2026-06-05 08:50:00+09', '2026-06-05 18:00:00+09', false, 0, NOW(), NOW()),
    ('c0000000-0000-0000-0003-000000000608', 'b0000000-0000-0000-0000-000000000003', '2026-06-08', '2026-06-08 09:00:00+09', '2026-06-08 18:00:00+09', false, 0, NOW(), NOW()),
    ('c0000000-0000-0000-0003-000000000609', 'b0000000-0000-0000-0000-000000000003', '2026-06-09', '2026-06-09 09:00:00+09', '2026-06-09 18:30:00+09', false, 0, NOW(), NOW()),
    ('c0000000-0000-0000-0003-000000000610', 'b0000000-0000-0000-0000-000000000003', '2026-06-10', '2026-06-10 08:55:00+09', '2026-06-10 18:00:00+09', false, 0, NOW(), NOW()),
    ('c0000000-0000-0000-0003-000000000611', 'b0000000-0000-0000-0000-000000000003', '2026-06-11', '2026-06-11 09:00:00+09', '2026-06-11 18:00:00+09', false, 0, NOW(), NOW()),
    ('c0000000-0000-0000-0003-000000000612', 'b0000000-0000-0000-0000-000000000003', '2026-06-12', '2026-06-12 09:00:00+09', '2026-06-12 18:45:00+09', false, 0, NOW(), NOW()),
    ('c0000000-0000-0000-0003-000000000615', 'b0000000-0000-0000-0000-000000000003', '2026-06-15', '2026-06-15 09:00:00+09', '2026-06-15 18:00:00+09', false, 0, NOW(), NOW()),
    ('c0000000-0000-0000-0003-000000000616', 'b0000000-0000-0000-0000-000000000003', '2026-06-16', '2026-06-16 08:50:00+09', '2026-06-16 18:30:00+09', false, 0, NOW(), NOW()),
    ('c0000000-0000-0000-0003-000000000617', 'b0000000-0000-0000-0000-000000000003', '2026-06-17', '2026-06-17 09:00:00+09', '2026-06-17 18:00:00+09', false, 0, NOW(), NOW()),
    ('c0000000-0000-0000-0003-000000000618', 'b0000000-0000-0000-0000-000000000003', '2026-06-18', '2026-06-18 09:00:00+09', '2026-06-18 18:15:00+09', false, 0, NOW(), NOW()),
    ('c0000000-0000-0000-0003-000000000619', 'b0000000-0000-0000-0000-000000000003', '2026-06-19', '2026-06-19 08:55:00+09', '2026-06-19 18:00:00+09', false, 0, NOW(), NOW()),
    ('c0000000-0000-0000-0003-000000000622', 'b0000000-0000-0000-0000-000000000003', '2026-06-22', '2026-06-22 09:00:00+09', '2026-06-22 18:00:00+09', false, 0, NOW(), NOW()),
    ('c0000000-0000-0000-0003-000000000623', 'b0000000-0000-0000-0000-000000000003', '2026-06-23', '2026-06-23 09:00:00+09', '2026-06-23 18:30:00+09', false, 0, NOW(), NOW()),
    ('c0000000-0000-0000-0003-000000000624', 'b0000000-0000-0000-0000-000000000003', '2026-06-24', '2026-06-24 08:55:00+09', '2026-06-24 18:00:00+09', false, 0, NOW(), NOW()),
    ('c0000000-0000-0000-0003-000000000625', 'b0000000-0000-0000-0000-000000000003', '2026-06-25', '2026-06-25 09:00:00+09', '2026-06-25 18:15:00+09', false, 0, NOW(), NOW()),
    ('c0000000-0000-0000-0003-000000000626', 'b0000000-0000-0000-0000-000000000003', '2026-06-26', '2026-06-26 09:00:00+09', '2026-06-26 18:00:00+09', false, 0, NOW(), NOW()),
    ('c0000000-0000-0000-0003-000000000629', 'b0000000-0000-0000-0000-000000000003', '2026-06-29', '2026-06-29 08:50:00+09', '2026-06-29 18:30:00+09', false, 0, NOW(), NOW()),
    ('c0000000-0000-0000-0003-000000000630', 'b0000000-0000-0000-0000-000000000003', '2026-06-30', '2026-06-30 09:00:00+09', NULL, false, 0, NOW(), NOW());

-- 山田 一郎 (b...004) — 営業部、外出多め（一部欠勤あり）
INSERT INTO attendance_records (id, employee_id, work_date, clock_in, clock_out, corrected, version, created_at, updated_at) VALUES
    ('c0000000-0000-0000-0004-000000000601', 'b0000000-0000-0000-0000-000000000004', '2026-06-01', '2026-06-01 09:00:00+09', '2026-06-01 17:30:00+09', false, 0, NOW(), NOW()),
    ('c0000000-0000-0000-0004-000000000602', 'b0000000-0000-0000-0000-000000000004', '2026-06-02', '2026-06-02 08:45:00+09', '2026-06-02 18:00:00+09', false, 0, NOW(), NOW()),
    ('c0000000-0000-0000-0004-000000000603', 'b0000000-0000-0000-0000-000000000004', '2026-06-03', '2026-06-03 09:30:00+09', '2026-06-03 19:00:00+09', true, 0, NOW(), NOW()),
    ('c0000000-0000-0000-0004-000000000604', 'b0000000-0000-0000-0000-000000000004', '2026-06-04', '2026-06-04 09:00:00+09', '2026-06-04 18:00:00+09', false, 0, NOW(), NOW()),
    ('c0000000-0000-0000-0004-000000000605', 'b0000000-0000-0000-0000-000000000004', '2026-06-05', '2026-06-05 09:00:00+09', '2026-06-05 17:45:00+09', false, 0, NOW(), NOW()),
    ('c0000000-0000-0000-0004-000000000608', 'b0000000-0000-0000-0000-000000000004', '2026-06-08', '2026-06-08 09:00:00+09', '2026-06-08 18:30:00+09', false, 0, NOW(), NOW()),
    ('c0000000-0000-0000-0004-000000000609', 'b0000000-0000-0000-0000-000000000004', '2026-06-09', '2026-06-09 08:50:00+09', '2026-06-09 18:00:00+09', false, 0, NOW(), NOW()),
    ('c0000000-0000-0000-0004-000000000611', 'b0000000-0000-0000-0000-000000000004', '2026-06-11', '2026-06-11 09:00:00+09', '2026-06-11 18:00:00+09', false, 0, NOW(), NOW()),
    ('c0000000-0000-0000-0004-000000000612', 'b0000000-0000-0000-0000-000000000004', '2026-06-12', '2026-06-12 09:15:00+09', '2026-06-12 18:45:00+09', false, 0, NOW(), NOW()),
    ('c0000000-0000-0000-0004-000000000615', 'b0000000-0000-0000-0000-000000000004', '2026-06-15', '2026-06-15 09:00:00+09', '2026-06-15 18:00:00+09', false, 0, NOW(), NOW()),
    ('c0000000-0000-0000-0004-000000000616', 'b0000000-0000-0000-0000-000000000004', '2026-06-16', '2026-06-16 08:55:00+09', '2026-06-16 18:30:00+09', false, 0, NOW(), NOW()),
    ('c0000000-0000-0000-0004-000000000617', 'b0000000-0000-0000-0000-000000000004', '2026-06-17', '2026-06-17 09:00:00+09', '2026-06-17 18:00:00+09', false, 0, NOW(), NOW()),
    ('c0000000-0000-0000-0004-000000000618', 'b0000000-0000-0000-0000-000000000004', '2026-06-18', '2026-06-18 09:00:00+09', '2026-06-18 18:15:00+09', false, 0, NOW(), NOW()),
    ('c0000000-0000-0000-0004-000000000619', 'b0000000-0000-0000-0000-000000000004', '2026-06-19', '2026-06-19 09:10:00+09', '2026-06-19 18:00:00+09', false, 0, NOW(), NOW()),
    ('c0000000-0000-0000-0004-000000000622', 'b0000000-0000-0000-0000-000000000004', '2026-06-22', '2026-06-22 09:00:00+09', '2026-06-22 18:00:00+09', false, 0, NOW(), NOW()),
    ('c0000000-0000-0000-0004-000000000623', 'b0000000-0000-0000-0000-000000000004', '2026-06-23', '2026-06-23 08:50:00+09', '2026-06-23 17:30:00+09', false, 0, NOW(), NOW()),
    ('c0000000-0000-0000-0004-000000000624', 'b0000000-0000-0000-0000-000000000004', '2026-06-24', '2026-06-24 09:00:00+09', '2026-06-24 18:00:00+09', false, 0, NOW(), NOW()),
    ('c0000000-0000-0000-0004-000000000625', 'b0000000-0000-0000-0000-000000000004', '2026-06-25', '2026-06-25 09:00:00+09', '2026-06-25 18:30:00+09', false, 0, NOW(), NOW()),
    ('c0000000-0000-0000-0004-000000000626', 'b0000000-0000-0000-0000-000000000004', '2026-06-26', '2026-06-26 09:05:00+09', '2026-06-26 18:00:00+09', false, 0, NOW(), NOW()),
    ('c0000000-0000-0000-0004-000000000629', 'b0000000-0000-0000-0000-000000000004', '2026-06-29', '2026-06-29 09:00:00+09', '2026-06-29 18:15:00+09', false, 0, NOW(), NOW()),
    ('c0000000-0000-0000-0004-000000000630', 'b0000000-0000-0000-0000-000000000004', '2026-06-30', '2026-06-30 09:00:00+09', NULL, false, 0, NOW(), NOW());
